FECHA,Tipo de Cambio,Superior,Regular,Diesel,Bunker,GLP CILINDRO,GLP LIBRAS
1-ene-21,7.79382,21.91,21.11,17.61,13.4,99.0,3.96
2-ene-21,7.79382,21.91,21.11,17.61,13.4,99.0,3.96
3-ene-21,7.79382,21.91,21.11,17.61,13.4,99.0,3.96
4-ene-21,7.79417,21.91,21.11,17.61,13.45,99.0,3.96
5-ene-21,7.79369,21.91,21.11,17.61,13.45,99.0,3.96
6-ene-21,7.79735,21.91,21.11,17.61,13.45,99.0,3.96
7-ene-21,7.79493,21.91,21.11,17.61,13.45,99.0,3.96
8-ene-21,7.80089,21.91,21.11,17.61,13.45,99.0,3.96
9-ene-21,7.80089,21.91,21.11,17.61,13.45,99.0,3.96
10-ene-21,7.80089,21.91,21.11,17.61,13.45,99.0,3.96
11-ene-21,7.79581,22.39,21.59,17.69,13.82,99.0,3.96
12-ene-21,7.7962,22.39,21.59,17.69,13.82,99.0,3.96
13-ene-21,7.79686,22.39,21.59,17.69,13.82,101.67,4.07
14-ene-21,7.79124,22.39,21.59,17.69,13.82,101.67,4.07
15-ene-21,7.78903,22.39,21.59,17.69,13.82,101.67,4.07
16-ene-21,7.78903,22.39,21.59,17.69,13.82,107.0,4.28
17-ene-21,7.78903,22.39,21.59,17.69,13.82,107.0,4.28
18-ene-21,7.7856,23.21,22.41,18.3,14.05,107.0,4.28
19-ene-21,7.79345,23.21,22.41,18.3,14.05,107.0,4.28
20-ene-21,7.78725,23.21,22.41,18.3,14.05,110.0,4.4
21-ene-21,7.78209,23.21,22.41,18.3,14.05,110.0,4.4
22-ene-21,7.78162,23.21,22.41,18.3,14.05,110.0,4.4
23-ene-21,7.78162,23.21,22.41,18.3,14.05,116.0,4.64
24-ene-21,7.78162,23.21,22.41,18.3,14.05,116.0,4.64
25-ene-21,7.78124,23.44,22.64,18.47,14.05,116.0,4.64
26-ene-21,7.77958,23.44,22.64,18.47,14.05,116.0,4.64
27-ene-21,7.78483,23.44,22.64,18.47,14.05,116.0,4.64
28-ene-21,7.78262,23.44,22.64,18.47,14.05,116.0,4.64
29-ene-21,7.78638,23.44,22.64,18.47,14.05,116.0,4.64
30-ene-21,7.78638,23.44,22.64,18.47,14.05,116.0,4.64
31-ene-21,7.78638,23.44,22.64,18.47,14.05,116.0,4.64
1-feb-21,7.78003,23.57,22.77,18.57,13.95,116.0,4.64
2-feb-21,7.77836,23.57,22.77,18.57,13.95,116.0,4.64
3-feb-21,7.77857,23.57,22.77,18.57,13.95,116.0,4.64
4-feb-21,7.77652,23.57,22.77,18.57,13.95,116.0,4.64
5-feb-21,7.76627,23.57,22.77,18.57,13.95,116.0,4.64
6-feb-21,7.76627,23.57,22.77,18.57,13.95,116.0,4.64
7-feb-21,7.76627,23.57,22.77,18.57,13.95,116.0,4.64
8-feb-21,7.76611,23.98,23.18,18.98,14.25,116.0,4.64
9-feb-21,7.76291,23.98,23.18,18.98,14.25,116.0,4.64
10-feb-21,7.75873,23.98,23.18,18.98,14.25,116.0,4.64
11-feb-21,7.75519,23.98,23.18,18.98,14.25,116.0,4.64
12-feb-21,7.75002,23.98,23.18,18.98,14.25,116.0,4.64
13-feb-21,7.75002,23.98,23.18,18.98,14.25,116.0,4.64
14-feb-21,7.75002,23.98,23.18,18.98,14.25,116.0,4.64
15-feb-21,7.74667,24.39,23.59,19.79,14.4,116.0,4.64
16-feb-21,7.7464,24.39,23.59,19.79,14.4,116.0,4.64
17-feb-21,7.74185,24.39,23.59,19.79,14.4,116.0,4.64
18-feb-21,7.73698,24.39,23.59,19.79,14.99,116.0,4.64
19-feb-21,7.73197,24.39,23.59,19.79,14.99,116.0,4.64
20-feb-21,7.73197,24.39,23.59,19.79,14.99,116.0,4.64
21-feb-21,7.73197,24.39,23.59,19.79,14.99,116.0,4.64
22-feb-21,7.71868,25.1,24.3,20.5,14.99,116.0,4.64
23-feb-21,7.72021,25.1,24.3,20.5,14.99,116.0,4.64
24-feb-21,7.71568,25.1,24.3,20.5,14.99,116.0,4.64
25-feb-21,7.7148,25.1,24.3,20.5,14.99,116.0,4.64
26-feb-21,7.70922,25.1,24.3,20.5,14.99,116.0,4.64
27-feb-21,7.70922,25.1,24.3,20.5,14.99,116.0,4.64
28-feb-21,7.70922,25.1,24.3,20.5,14.99,116.0,4.64
1-mar-21,7.70606,25.85,25.05,20.86,15.54,116.0,4.64
2-mar-21,7.70271,25.85,25.05,20.86,15.54,116.0,4.64
3-mar-21,7.70784,25.85,25.05,20.86,15.54,116.0,4.64
4-mar-21,7.71007,25.85,25.05,20.86,15.54,116.0,4.64
5-mar-21,7.71553,25.85,25.05,20.86,15.54,116.0,4.64
6-mar-21,7.71553,25.85,25.05,20.86,15.54,116.0,4.64
7-mar-21,7.71553,25.85,25.05,20.86,15.54,116.0,4.64
8-mar-21,7.71276,26.6,25.81,21.31,15.79,116.0,4.64
9-mar-21,7.71698,26.6,25.81,21.31,15.79,116.0,4.64
10-mar-21,7.73021,26.6,25.81,21.31,15.79,116.0,4.64
11-mar-21,7.72378,26.6,25.81,21.31,15.79,118.0,4.72
12-mar-21,7.73057,26.6,25.81,21.31,15.79,120.0,4.8
13-mar-21,7.73057,26.6,25.81,21.31,15.79,120.0,4.8
14-mar-21,7.73057,26.6,25.81,21.31,15.79,120.0,4.8
15-mar-21,7.72429,27.27,26.47,21.68,15.79,120.0,4.8
16-mar-21,7.72084,27.27,26.47,21.68,15.79,120.0,4.8
17-mar-21,7.72462,27.27,26.47,21.68,15.79,120.0,4.8
18-mar-21,7.72059,27.27,26.47,21.68,15.79,120.0,4.8
19-mar-21,7.72156,27.27,26.47,21.68,15.79,120.0,4.8
20-mar-21,7.72156,27.27,26.47,21.68,15.79,120.0,4.8
21-mar-21,7.72156,27.27,26.47,21.68,15.79,120.0,4.8
22-mar-21,7.72274,27.02,26.22,21.41,15.79,120.0,4.8
23-mar-21,7.72002,27.02,26.22,21.41,15.79,120.0,4.8
24-mar-21,7.72758,27.02,26.22,21.41,15.79,120.0,4.8
25-mar-21,7.72719,27.02,26.22,21.41,15.79,120.0,4.8
26-mar-21,7.72379,27.02,26.22,21.41,15.79,120.0,4.8
27-mar-21,7.72379,27.02,26.22,21.41,15.79,120.0,4.8
28-mar-21,7.72379,27.02,26.22,21.41,15.79,120.0,4.8
29-mar-21,7.72267,26.35,25.56,20.8,15.59,120.0,4.8
30-mar-21,7.7199,26.35,25.56,20.8,15.59,120.0,4.8
31-mar-21,7.71498,26.35,25.56,20.8,15.59,120.0,4.8
1-abr-21,7.71498,26.35,25.56,20.8,15.59,120.0,4.8
2-abr-21,7.71498,26.35,25.56,20.8,15.59,120.0,4.8
3-abr-21,7.71498,26.35,25.56,20.8,15.59,120.0,4.8
4-abr-21,7.71498,26.35,25.56,20.8,15.59,120.0,4.8
5-abr-21,7.7179,26.45,25.66,20.71,15.59,120.0,4.8
6-abr-21,7.72277,26.45,25.66,20.71,15.59,120.0,4.8
7-abr-21,7.71815,26.45,25.66,20.71,15.59,120.0,4.8
8-abr-21,7.71725,26.45,25.66,20.71,15.59,120.0,4.8
9-abr-21,7.72209,26.45,25.66,20.71,15.59,120.0,4.8
10-abr-21,7.72209,26.45,25.66,20.71,15.59,120.0,4.8
11-abr-21,7.72209,26.45,25.66,20.71,15.59,120.0,4.8
12-abr-21,7.71748,26.97,26.17,20.43,15.44,120.0,4.8
13-abr-21,7.71454,26.97,26.17,20.43,15.44,120.0,4.8
14-abr-21,7.71791,26.97,26.17,20.43,15.44,120.0,4.8
15-abr-21,7.71877,26.97,26.17,20.43,15.44,120.0,4.8
16-abr-21,7.71832,26.97,26.17,20.43,15.44,120.0,4.8
17-abr-21,7.71832,26.97,26.17,20.43,15.44,120.0,4.8
18-abr-21,7.71832,26.97,26.17,20.43,15.44,120.0,4.8
19-abr-21,7.71216,27.0,26.2,20.59,16.14,120.0,4.8
20-abr-21,7.71103,27.0,26.2,20.59,16.14,120.0,4.8
21-abr-21,7.71206,27.0,26.2,20.59,16.14,120.0,4.8
22-abr-21,7.71432,27.0,26.2,20.59,16.14,120.0,4.8
23-abr-21,7.71463,27.0,26.2,20.59,16.14,120.0,4.8
24-abr-21,7.71463,27.0,26.2,20.59,16.14,120.0,4.8
25-abr-21,7.71463,27.0,26.2,20.59,16.14,120.0,4.8
26-abr-21,7.71238,27.27,26.49,20.87,16.44,120.0,4.8
27-abr-21,7.71167,27.27,26.49,20.87,16.44,120.0,4.8
28-abr-21,7.71934,27.27,26.49,20.87,16.44,120.0,4.8
29-abr-21,7.71649,27.27,26.49,20.87,16.44,120.0,4.8
30-abr-21,7.71812,27.27,26.49,20.87,16.44,120.0,4.8
1-may-21,7.71812,27.27,26.49,20.87,16.44,120.0,4.8
2-may-21,7.71812,27.27,26.49,20.87,16.44,120.0,4.8
3-may-21,7.71812,27.29,26.49,21.12,16.44,120.0,4.8
4-may-21,7.71336,27.29,26.49,21.12,16.44,120.0,4.8
5-may-21,7.71288,27.29,26.49,21.12,16.44,120.0,4.8
6-may-21,7.7117,27.29,26.49,21.12,16.44,120.0,4.8
7-may-21,7.71133,27.29,26.49,21.12,16.44,120.0,4.8
8-may-21,7.71133,27.29,26.49,21.12,16.44,120.0,4.8
9-may-21,7.71133,27.29,26.49,21.12,16.44,120.0,4.8
10-may-21,7.71048,27.89,27.09,21.79,16.84,120.0,4.8
11-may-21,7.70861,27.89,27.09,21.79,16.84,120.0,4.8
12-may-21,7.71034,27.89,27.09,21.79,16.84,120.0,4.8
13-may-21,7.70898,27.89,27.09,21.79,16.84,120.0,4.8
14-may-21,7.7102,27.89,27.09,21.79,16.84,120.0,4.8
15-may-21,7.7102,27.89,27.09,21.79,16.84,120.0,4.8
16-may-21,7.7102,27.89,27.09,21.79,16.84,120.0,4.8
17-may-21,7.70923,27.9,27.09,21.79,16.99,120.0,4.8
18-may-21,7.7092,27.9,27.09,21.79,16.99,120.0,4.8
19-may-21,7.71246,27.9,27.09,21.79,16.99,120.0,4.8
20-may-21,7.71203,27.9,27.09,21.79,16.99,120.0,4.8
21-may-21,7.71822,27.9,27.09,21.79,16.99,120.0,4.8
22-may-21,7.71822,27.9,27.09,21.79,16.99,120.0,4.8
23-may-21,7.71822,27.9,27.09,21.79,16.99,120.0,4.8
24-may-21,7.71544,27.88,27.08,21.78,16.62,120.0,4.8
25-may-21,7.71791,27.88,27.08,21.78,16.62,120.0,4.8
26-may-21,7.71942,27.88,27.08,21.78,16.62,120.0,4.8
27-may-21,7.7219,27.88,27.08,21.78,16.62,120.0,4.8
28-may-21,7.72459,27.88,27.08,21.78,16.62,120.0,4.8
29-may-21,7.72459,27.88,27.08,21.78,16.62,120.0,4.8
30-may-21,7.72459,27.88,27.08,21.78,16.62,120.0,4.8
31-may-21,7.72117,28.01,27.22,22.29,16.45,120.0,4.8
1-jun-21,7.72935,28.01,27.22,22.29,16.45,120.0,4.8
2-jun-21,7.72179,28.01,27.22,22.29,16.45,120.0,4.8
3-jun-21,7.72533,28.01,27.22,22.29,16.45,120.0,4.8
4-jun-21,7.72994,28.01,27.22,22.29,16.45,120.0,4.8
5-jun-21,7.72994,28.01,27.22,22.29,16.45,120.0,4.8
6-jun-21,7.72994,28.01,27.22,22.29,16.45,120.0,4.8
7-jun-21,7.72393,27.99,27.2,22.58,16.78,120.0,4.8
8-jun-21,7.72481,27.99,27.2,22.58,16.78,120.0,4.8
9-jun-21,7.73186,27.99,27.2,22.58,16.78,120.0,4.8
10-jun-21,7.73802,27.99,27.2,22.58,16.78,120.0,4.8
11-jun-21,7.74072,27.99,27.2,22.58,16.78,120.0,4.8
12-jun-21,7.74072,27.99,27.2,22.58,16.78,120.0,4.8
13-jun-21,7.74072,27.99,27.2,22.58,16.78,120.0,4.8
14-jun-21,7.737,28.19,27.4,22.7,17.04,120.0,4.8
15-jun-21,7.73582,28.19,27.4,22.7,17.04,120.0,4.8
16-jun-21,7.74111,28.19,27.4,22.7,17.04,120.0,4.8
17-jun-21,7.74153,28.19,27.4,22.7,17.04,120.0,4.8
18-jun-21,7.74443,28.19,27.4,22.7,17.04,120.0,4.8
19-jun-21,7.74443,28.19,27.4,22.7,17.04,120.0,4.8
20-jun-21,7.74443,28.19,27.4,22.7,17.04,120.0,4.8
21-jun-21,7.73757,27.68,26.86,21.88,17.29,120.0,4.8
22-jun-21,7.738,27.68,26.86,21.88,17.29,120.0,4.8
23-jun-21,7.74412,27.68,26.86,21.88,17.29,120.0,4.8
24-jun-21,7.74428,27.68,26.86,21.88,17.29,120.0,4.8
25-jun-21,7.75033,27.68,26.86,21.88,17.29,120.0,4.8
26-jun-21,7.75033,27.68,26.86,21.88,17.29,120.0,4.8
27-jun-21,7.75033,27.68,26.86,21.88,17.29,120.0,4.8
28-jun-21,7.75033,27.68,26.86,21.88,17.59,120.0,4.8
29-jun-21,7.75033,27.6,26.8,21.81,17.59,120.0,4.8
30-jun-21,7.74404,27.6,26.8,21.81,17.59,120.0,4.8
1-jul-21,7.744,27.6,26.8,21.81,17.59,120.0,4.8
2-jul-21,7.74502,27.6,26.8,21.81,17.59,120.0,4.8
3-jul-21,7.74502,27.6,26.8,21.81,17.59,120.0,4.8
4-jul-21,7.74502,27.6,26.8,21.81,17.59,120.0,4.8
5-jul-21,7.74235,28.78,27.98,22.97,17.59,120.0,4.8
6-jul-21,7.74274,28.78,27.98,22.97,17.59,120.0,4.8
7-jul-21,7.74339,28.78,27.98,22.97,17.59,120.0,4.8
8-jul-21,7.72481,28.78,27.98,22.97,17.59,120.0,4.8
9-jul-21,7.73186,28.78,27.98,22.97,17.59,120.0,4.8
10-jul-21,7.73802,28.78,27.98,22.97,17.59,120.0,4.8
11-jul-21,7.74072,28.78,27.98,22.97,17.59,120.0,4.8
12-jul-21,7.74072,28.64,27.84,22.82,17.09,120.0,4.8
13-jul-21,7.74072,28.64,27.84,22.82,17.09,120.0,4.8
14-jul-21,7.74309,28.64,27.84,22.82,17.09,120.0,4.8
15-jul-21,7.74341,28.64,27.84,22.82,17.09,120.0,4.8
16-jul-21,7.74478,28.64,27.84,22.82,17.09,120.0,4.8
17-jul-21,7.74478,28.64,27.84,22.82,17.09,120.0,4.8
18-jul-21,7.74478,28.64,27.84,22.82,17.09,120.0,4.8
19-jul-21,7.74535,28.34,27.54,22.55,17.32,120.0,4.8
20-jul-21,7.74279,28.34,27.54,22.55,17.32,120.0,4.8
21-jul-21,7.74457,28.34,27.54,22.55,17.32,120.0,4.8
22-jul-21,7.74615,28.34,27.54,22.55,17.32,120.0,4.8
23-jul-21,7.74671,28.34,27.54,22.55,17.32,120.0,4.8
24-jul-21,7.74671,28.34,27.54,22.55,17.32,120.0,4.8
25-jul-21,7.74671,28.34,27.54,22.55,17.32,120.0,4.8
26-jul-21,7.74425,28.09,27.29,22.1,16.82,120.0,4.8
27-jul-21,7.74312,28.09,27.29,22.1,16.82,120.0,4.8
28-jul-21,7.74328,28.09,27.29,22.1,16.82,120.0,4.8
29-jul-21,7.74762,28.09,27.29,22.1,16.82,120.0,4.8
30-jul-21,7.74751,28.09,27.29,22.1,16.82,120.0,4.8
31-jul-21,7.74751,28.09,27.29,22.1,16.82,120.0,4.8
1-ago-21,7.74751,28.09,27.29,22.1,16.82,120.0,4.8
2-ago-21,7.74846,29.1,28.28,23.1,17.32,120.0,4.8
3-ago-21,7.74181,29.1,28.28,23.1,17.32,120.0,4.8
4-ago-21,7.74579,29.1,28.28,23.1,17.32,120.0,4.8
5-ago-21,7.74765,29.1,28.28,23.1,17.32,120.0,4.8
6-ago-21,7.74821,29.1,28.28,23.1,17.32,120.0,4.8
7-ago-21,7.74821,29.1,28.28,23.1,17.32,120.0,4.8
8-ago-21,7.74821,29.1,28.28,23.1,17.32,120.0,4.8
9-ago-21,7.74671,29.09,28.27,23.09,17.02,120.0,4.8
10-ago-21,7.74134,29.09,28.27,23.09,17.02,120.0,4.8
11-ago-21,7.7395,29.09,28.27,23.09,17.02,120.0,4.8
12-ago-21,7.73969,29.09,28.27,23.09,17.02,120.0,4.8
13-ago-21,7.73802,29.09,28.27,23.09,17.02,120.0,4.8
14-ago-21,7.73802,29.09,28.27,23.09,17.02,120.0,4.8
15-ago-21,7.73802,29.09,28.27,23.09,17.02,120.0,4.8
16-ago-21,7.73802,29.09,28.27,23.09,17.02,120.0,4.8
17-ago-21,7.73577,28.8,28.0,22.8,17.02,120.0,4.8
18-ago-21,7.73522,28.8,28.0,22.8,17.02,120.0,4.8
19-ago-21,7.73636,28.8,28.0,22.8,17.02,120.0,4.8
20-ago-21,7.73501,28.8,28.0,22.8,17.02,120.0,4.8
21-ago-21,7.73501,28.8,28.0,22.8,17.02,120.0,4.8
22-ago-21,7.73501,28.8,28.0,22.8,17.02,120.0,4.8
23-ago-21,7.73248,28.79,27.99,22.79,16.67,120.0,4.8
24-ago-21,7.73216,28.79,27.99,22.79,16.67,120.0,4.8
25-ago-21,7.73273,28.79,27.99,22.79,16.67,120.0,4.8
26-ago-21,7.73256,28.79,27.99,22.79,16.67,120.0,4.8
27-ago-21,7.73179,28.79,27.99,22.79,16.67,120.0,4.8
28-ago-21,7.73179,28.79,27.99,22.79,16.67,120.0,4.8
29-ago-21,7.73179,28.79,27.99,22.79,16.67,120.0,4.8
30-ago-21,7.72752,28.79,27.99,22.79,17.57,120.0,4.8
31-ago-21,7.72957,28.79,27.99,22.79,17.57,120.0,4.8
1-sep-21,7.7308,28.79,27.99,22.79,17.57,120.0,4.8
2-sep-21,7.73415,28.79,27.99,22.79,17.57,120.0,4.8
3-sep-21,7.73213,28.79,27.99,22.79,17.57,120.0,4.8
4-sep-21,7.73213,28.79,27.99,22.79,17.57,120.0,4.8
5-sep-21,7.73213,28.79,27.99,22.79,17.57,120.0,4.8
6-sep-21,7.72922,29.11,28.4,23.2,17.87,120.0,4.8
7-sep-21,7.73432,29.11,28.4,23.2,17.87,120.0,4.8
8-sep-21,7.73144,29.11,28.4,23.2,17.87,120.0,4.8
9-sep-21,7.729,29.11,28.4,23.2,17.87,120.0,4.8
10-sep-21,7.73025,29.11,28.4,23.2,17.87,120.0,4.8
11-sep-21,7.73025,29.11,28.4,23.2,17.87,120.0,4.8
12-sep-21,7.73025,29.11,28.4,23.2,17.87,120.0,4.8
13-sep-21,7.72909,29.08,28.4,23.47,17.41,120.0,4.8
14-sep-21,7.7276,29.08,28.4,23.47,17.41,120.0,4.8
15-sep-21,7.7276,29.08,28.4,23.47,17.41,120.0,4.8
16-sep-21,7.72827,29.08,28.4,23.47,17.41,120.0,4.8
17-sep-21,7.73272,29.08,28.4,23.47,17.41,120.0,4.8
18-sep-21,7.73272,29.08,28.4,23.47,17.41,120.0,4.8
19-sep-21,7.73272,29.08,28.4,23.47,17.41,120.0,4.8
20-sep-21,7.73082,29.27,28.58,23.77,17.55,126.0,5.04
21-sep-21,7.72868,29.27,28.58,23.77,17.55,126.0,5.04
22-sep-21,7.73206,29.27,28.58,23.77,17.55,126.0,5.04
23-sep-21,7.73345,29.27,28.58,23.77,17.55,129.0,5.16
24-sep-21,7.7369,29.27,28.58,23.77,17.55,129.0,5.16
25-sep-21,7.7369,29.27,28.58,23.77,17.55,129.0,5.16
26-sep-21,7.7369,29.27,28.58,23.77,17.55,129.0,5.16
27-sep-21,7.73277,29.29,28.59,23.79,17.8,129.0,5.16
28-sep-21,7.73175,29.29,28.59,23.79,17.8,129.0,5.16
29-sep-21,7.73524,29.29,28.59,23.79,17.8,129.0,5.16
30-sep-21,7.73365,29.29,28.59,23.79,17.8,132.0,5.28
1-oct-21,7.73369,29.29,28.59,23.79,17.8,132.0,5.28
2-oct-21,7.73369,29.29,28.59,23.79,17.8,132.0,5.28
3-oct-21,7.73369,29.29,28.59,23.79,17.8,132.0,5.28
4-oct-21,7.72995,29.01,28.3,24.48,18.55,132.0,5.28
5-oct-21,7.72931,29.01,28.3,24.48,18.55,132.0,5.28
6-oct-21,7.73116,29.01,28.3,24.48,18.55,132.0,5.28
7-oct-21,7.73216,29.01,28.3,24.48,18.55,132.0,5.28
8-oct-21,7.73128,29.01,28.3,24.48,18.55,132.0,5.28
9-oct-21,7.73128,29.01,28.3,24.48,18.55,132.0,5.28
10-oct-21,7.73128,29.01,28.3,24.48,18.55,132.0,5.28
11-oct-21,7.72898,29.98,29.28,25.41,19.35,132.0,5.28
12-oct-21,7.72898,29.98,29.28,25.41,19.35,132.0,5.28
13-oct-21,7.73177,29.98,29.28,25.41,19.35,132.0,5.28
14-oct-21,7.72891,29.98,29.28,25.41,19.35,132.0,5.28
15-oct-21,7.73147,29.98,29.28,25.41,19.35,132.0,5.28
16-oct-21,7.73147,29.98,29.28,25.41,19.35,132.0,5.28
17-oct-21,7.73147,29.98,29.28,25.41,19.35,132.0,5.28
18-oct-21,7.73017,29.97,29.28,25.44,19.45,132.0,5.28
19-oct-21,7.72756,29.97,29.28,25.44,19.45,132.0,5.28
20-oct-21,7.72756,29.97,29.28,25.44,19.45,132.0,5.28
21-oct-21,7.72975,29.97,29.28,25.44,19.45,132.0,5.28
22-oct-21,7.73264,29.97,29.28,25.44,19.45,132.0,5.28
23-oct-21,7.73264,29.97,29.28,25.44,19.45,132.0,5.28
24-oct-21,7.73264,29.97,29.28,25.44,19.45,132.0,5.28
25-oct-21,7.72948,30.98,30.28,26.49,19.22,132.0,5.28
26-oct-21,7.72908,30.98,30.28,26.49,19.22,132.0,5.28
27-oct-21,7.73331,30.98,30.28,26.49,19.22,132.0,5.28
28-oct-21,7.73647,30.98,30.28,26.49,19.22,132.0,5.28
29-oct-21,7.73464,30.98,30.28,26.49,19.22,132.0,5.28
30-oct-21,7.73464,30.98,30.28,26.49,19.22,132.0,5.28
31-oct-21,7.73464,30.98,30.28,26.49,19.22,132.0,5.28
1-nov-21,7.73464,30.98,30.28,26.49,19.22,138.67,5.55
2-nov-21,7.73554,30.98,30.28,26.48,18.95,138.67,5.55
3-nov-21,7.73091,30.98,30.28,26.48,18.95,138.67,5.55
4-nov-21,7.73206,30.98,30.28,26.48,18.95,138.67,5.55
5-nov-21,7.73221,30.98,30.28,26.48,18.95,138.67,5.55
6-nov-21,7.73221,30.98,30.28,26.48,18.95,138.67,5.55
7-nov-21,7.73221,30.98,30.28,26.48,18.95,138.67,5.55
8-nov-21,7.72991,30.99,30.3,26.49,18.45,138.67,5.55
9-nov-21,7.72837,30.99,30.3,26.49,18.45,138.67,5.55
10-nov-21,7.72687,30.99,30.3,26.49,18.45,138.67,5.55
11-nov-21,7.7275,30.99,30.3,26.49,18.45,138.67,5.55
12-nov-21,7.73171,30.99,30.3,26.49,18.45,138.67,5.55
13-nov-21,7.73171,30.99,30.3,26.49,18.45,138.67,5.55
14-nov-21,7.73171,30.99,30.3,26.49,18.45,138.67,5.55
15-nov-21,7.72977,30.63,29.93,26.12,18.3,138.67,5.55
16-nov-21,7.72696,30.63,29.93,26.12,18.3,138.67,5.55
17-nov-21,7.7329,30.63,29.93,26.12,18.3,138.67,5.55
18-nov-21,7.73088,30.63,29.93,26.12,18.3,138.67,5.55
19-nov-21,7.73298,30.63,29.93,26.12,18.3,138.67,5.55
20-nov-21,7.73298,30.63,29.93,26.12,18.3,138.67,5.55
21-nov-21,7.73298,30.63,29.93,26.12,18.3,138.67,5.55
22-nov-21,7.7254,30.01,29.32,25.7,18.45,138.67,5.55
23-nov-21,7.72921,30.01,29.32,25.7,18.45,138.67,5.55
24-nov-21,7.73146,30.01,29.32,25.7,18.45,138.67,5.55
25-nov-21,7.73144,30.01,29.32,25.7,18.45,138.67,5.55
26-nov-21,7.73483,30.01,29.32,25.7,18.45,138.67,5.55
27-nov-21,7.73483,30.01,29.32,25.7,18.45,138.67,5.55
28-nov-21,7.73483,30.01,29.32,25.7,18.45,138.67,5.55
29-nov-21,7.73149,29.78,29.07,25.33,17.95,138.67,5.55
30-nov-21,7.73058,29.78,29.07,25.33,17.95,138.67,5.55
1-dic-21,7.73219,29.78,29.07,25.33,17.95,122.0,4.88
2-dic-21,7.7308,29.78,29.07,25.33,17.95,122.0,4.88
3-dic-21,7.73654,29.78,29.07,25.33,17.95,122.0,4.88
4-dic-21,7.73654,29.78,29.07,25.33,17.95,122.0,4.88
5-dic-21,7.73654,29.78,29.07,25.33,17.95,122.0,4.88
6-dic-21,7.72819,28.82,28.1,24.36,16.95,122.0,4.88
7-dic-21,7.72825,28.82,28.1,24.36,16.95,122.0,4.88
8-dic-21,7.7317,28.82,28.1,24.36,16.95,122.0,4.88
9-dic-21,7.7286,28.82,28.1,24.36,16.95,122.0,4.88
10-dic-21,7.73244,28.82,28.1,24.36,16.95,122.0,4.88
11-dic-21,7.73244,28.82,28.1,24.36,16.95,122.0,4.88
12-dic-21,7.73244,28.82,28.1,24.36,16.95,122.0,4.88
13-dic-21,7.7276,28.78,28.06,24.28,16.95,122.0,4.88
14-dic-21,7.72471,28.78,28.06,24.28,16.95,122.0,4.88
15-dic-21,7.72525,28.78,28.06,24.28,16.95,122.0,4.88
16-dic-21,7.72374,28.78,28.06,24.28,16.95,122.0,4.88
17-dic-21,7.72464,28.78,28.06,24.28,16.95,122.0,4.88
18-dic-21,7.72464,28.78,28.06,24.28,16.95,122.0,4.88
19-dic-21,7.72464,28.78,28.06,24.28,16.95,122.0,4.88
20-dic-21,7.7221,28.78,28.06,24.28,17.1,122.0,4.88
21-dic-21,7.71769,28.78,28.06,24.28,17.1,122.0,4.88
22-dic-21,7.72082,28.78,28.06,24.28,17.1,122.0,4.88
23-dic-21,7.71827,28.78,28.06,24.28,17.1,122.0,4.88
24-dic-21,7.71628,28.78,28.06,24.28,17.1,122.0,4.88
25-dic-21,7.71628,28.78,28.06,24.28,17.1,122.0,4.88
26-dic-21,7.71628,28.78,28.06,24.28,17.1,122.0,4.88
27-dic-21,7.71628,28.69,27.91,24.51,17.28,122.0,4.88
28-dic-21,7.72447,28.69,27.91,24.51,17.28,122.0,4.88
29-dic-21,7.71924,28.69,27.91,24.51,17.28,122.0,4.88
30-dic-21,7.71912,28.69,27.91,24.51,17.28,122.0,4.88
31-dic-21,7.71912,28.69,27.91,24.51,17.28,122.0,4.88
1-ene-22,7.71912,28.69,27.91,24.51,17.28,122.0,4.88
2-ene-22,7.71912,28.69,27.91,24.51,17.28,122.0,4.88
3-ene-22,7.71912,28.79,27.99,24.6,17.91,122.0,4.88
4-ene-22,7.71745,28.79,27.99,24.6,17.91,122.0,4.88
5-ene-22,7.71558,28.79,27.99,24.6,17.91,122.0,4.88
6-ene-22,7.71823,28.79,27.99,24.6,17.91,122.0,4.88
7-ene-22,7.71343,28.79,27.99,24.6,17.91,122.0,4.88
8-ene-22,7.71343,28.79,27.99,24.6,17.91,122.0,4.88
9-ene-22,7.71343,28.79,27.99,24.6,17.91,122.0,4.88
10-ene-22,7.71101,29.65,28.85,25.46,18.55,122.0,4.88
11-ene-22,7.70832,29.65,28.85,25.46,18.55,122.0,4.88
12-ene-22,7.70898,29.65,28.85,25.46,18.55,122.0,4.88
13-ene-22,7.7062,29.65,28.85,25.46,18.55,122.0,4.88
14-ene-22,7.70777,29.65,28.85,25.46,18.55,122.0,4.88
15-ene-22,7.70777,29.65,28.85,25.46,18.55,122.0,4.88
16-ene-22,7.70777,29.65,28.85,25.46,18.55,122.0,4.88
17-ene-22,7.70046,30.49,29.69,26.49,18.97,122.0,4.88
18-ene-22,7.70453,30.49,29.69,26.49,18.97,122.0,4.88
19-ene-22,7.69958,30.49,29.69,26.49,18.97,122.0,4.88
20-ene-22,7.69537,30.49,29.69,26.49,18.97,122.0,4.88
21-ene-22,7.69195,30.49,29.69,26.49,18.97,122.0,4.88
22-ene-22,7.69195,30.49,29.69,26.49,18.97,122.0,4.88
23-ene-22,7.69195,30.49,29.69,26.49,18.97,122.0,4.88
24-ene-22,7.68855,31.49,30.69,27.49,19.55,122.0,4.88
25-ene-22,7.68581,31.49,30.69,27.49,19.55,122.0,4.88
26-ene-22,7.68541,31.49,30.69,27.49,19.55,122.0,4.88
27-ene-22,7.68649,31.49,30.69,27.49,19.55,122.0,4.88
28-ene-22,7.68995,31.49,30.69,27.49,19.55,122.0,4.88
29-ene-22,7.68995,31.49,30.69,27.49,19.55,122.0,4.88
30-ene-22,7.68995,31.49,30.69,27.49,19.55,122.0,4.88
31-ene-22,7.68981,31.5,30.69,27.98,19.85,122.0,4.88
1-feb-22,7.68555,31.5,30.69,27.98,19.85,122.0,4.88
2-feb-22,7.69221,31.5,30.69,27.98,19.85,122.0,4.88
3-feb-22,7.69189,31.5,30.69,27.98,19.85,122.0,4.88
4-feb-22,7.69495,31.5,30.69,27.98,19.85,122.0,4.88
5-feb-22,7.69495,31.5,30.69,27.98,19.85,122.0,4.88
6-feb-22,7.69495,31.5,30.69,27.98,19.85,122.0,4.88
7-feb-22,7.69122,32.19,32.39,28.58,20.3,122.0,4.88
8-feb-22,7.6886,32.19,32.39,28.58,20.3,122.0,4.88
9-feb-22,7.69229,32.19,32.39,28.58,20.3,122.0,4.88
10-feb-22,7.69531,32.19,32.39,28.58,20.3,122.0,4.88
11-feb-22,7.69226,32.19,32.39,28.58,20.3,122.0,4.88
12-feb-22,7.69226,32.19,32.39,28.58,20.3,122.0,4.88
13-feb-22,7.69226,32.19,32.39,28.58,20.3,122.0,4.88
14-feb-22,7.69255,32.22,31.42,28.61,20.35,122.0,4.88
15-feb-22,7.68841,32.22,31.42,28.61,20.35,122.0,4.88
16-feb-22,7.69562,32.22,31.42,28.61,20.35,122.0,4.88
17-feb-22,7.69349,32.22,31.42,28.61,20.35,122.0,4.88
18-feb-22,7.70039,32.22,31.42,28.61,20.35,122.0,4.88
19-feb-22,7.70039,32.22,31.42,28.61,20.35,122.0,4.88
20-feb-22,7.70039,32.22,31.42,28.61,20.35,122.0,4.88
21-feb-22,7.69849,33.5,32.7,29.88,20.35,122.0,4.88
22-feb-22,7.70788,33.5,32.7,29.88,20.35,122.0,4.88
23-feb-22,7.70468,33.5,32.7,29.88,20.35,122.0,4.88
24-feb-22,7.71285,33.5,32.7,29.88,20.35,122.0,4.88
25-feb-22,7.7169,33.5,32.7,29.88,20.35,122.0,4.88
26-feb-22,7.7169,33.5,32.7,29.88,20.35,122.0,4.88
27-feb-22,7.7169,33.5,32.7,29.88,20.35,122.0,4.88
28-feb-22,7.71322,33.88,33.29,30.09,20.0,122.0,4.88
1-mar-22,7.7044,33.88,33.29,30.09,20.0,142.0,5.68
2-mar-22,7.70543,33.88,33.29,30.09,20.0,142.0,5.68
3-mar-22,7.71199,35.99,35.39,33.09,20.0,142.0,5.68
4-mar-22,7.71002,35.99,35.39,33.09,20.0,142.0,5.68
5-mar-22,7.71002,35.99,35.39,33.09,20.0,142.0,5.68
6-mar-22,7.71002,35.99,35.39,33.09,20.0,142.0,5.68
7-mar-22,7.70431,37.98,37.39,36.09,21.9,142.0,5.68
8-mar-22,7.69932,37.98,37.39,36.09,21.9,142.0,5.68
9-mar-22,7.7011,39.99,39.42,40.25,21.9,147.0,5.88
10-mar-22,7.70164,39.99,39.42,40.25,21.9,147.0,5.88
11-mar-22,7.70105,39.99,39.42,40.25,21.9,147.0,5.88
12-mar-22,7.70105,39.99,39.42,40.25,21.9,147.0,5.88
13-mar-22,7.70105,37.98,37.39,35.48,21.9,147.0,5.88
14-mar-22,7.69793,37.98,37.39,35.48,24.96,147.0,5.88
15-mar-22,7.69146,37.98,37.39,35.48,24.96,147.0,5.88
16-mar-22,7.6951,38.0,37.39,35.7,24.6,147.0,5.88
17-mar-22,7.6938,38.0,37.39,35.7,24.6,147.0,5.88
18-mar-22,7.69159,38.0,37.39,35.7,24.6,142.0,5.68
19-mar-22,7.69159,38.0,37.39,35.7,24.6,142.0,5.68
20-mar-22,7.69159,38.0,37.39,35.7,24.6,142.0,5.68
21-mar-22,7.68837,38.09,34.47,35.66,22.7,142.0,5.68
22-mar-22,7.68464,38.09,34.47,35.66,22.7,142.0,5.68
23-mar-22,7.68438,38.09,34.47,35.66,22.7,142.0,5.68
24-mar-22,7.6827,38.09,34.47,35.66,22.7,142.0,5.68
25-mar-22,7.68169,38.09,34.47,35.66,22.7,142.0,5.68
26-mar-22,7.68169,38.09,34.47,35.66,22.7,142.0,5.68
27-mar-22,7.68169,38.09,34.47,35.66,22.7,142.0,5.68
28-mar-22,7.67889,38.09,34.47,35.66,22.7,142.0,5.68
29-mar-22,7.6783,38.09,34.47,35.66,22.7,142.0,5.68
30-mar-22,7.68052,38.91,38.31,37.39,25.1,142.0,5.68
31-mar-22,7.68025,38.91,38.31,37.39,25.1,142.0,5.68
1-abr-22,7.67947,38.91,38.31,37.39,25.1,122.0,4.88
2-abr-22,7.67947,38.91,38.31,37.39,25.1,122.0,4.88
3-abr-22,7.67947,38.91,38.31,37.39,25.1,122.0,4.88
4-abr-22,7.67499,38.91,38.31,37.39,25.1,122.0,4.88
5-abr-22,7.67298,38.91,38.31,37.39,25.1,122.0,4.88
6-abr-22,7.675,37.98,35.09,32.25,23.66,122.0,4.88
7-abr-22,7.66993,37.98,35.09,32.25,23.66,122.0,4.88
8-abr-22,7.66874,37.98,35.09,32.25,23.66,122.0,4.88
9-abr-22,7.66874,37.98,35.09,32.25,23.66,122.0,4.88
10-abr-22,7.66874,37.98,35.09,32.25,23.66,122.0,4.88
11-abr-22,7.66512,37.98,35.09,32.25,23.66,122.0,4.88
12-abr-22,7.66356,37.37,34.23,32.08,22.94,122.0,4.88
13-abr-22,7.65901,37.37,34.23,32.08,22.94,122.0,4.88
14-abr-22,7.65901,37.37,34.23,32.08,22.94,122.0,4.88
15-abr-22,7.65901,37.37,34.23,32.08,22.94,122.0,4.88
16-abr-22,7.65901,37.37,34.23,32.08,22.94,122.0,4.88
17-abr-22,7.65901,37.37,34.23,32.08,22.94,122.0,4.88
18-abr-22,7.65849,37.37,34.23,32.08,22.94,122.0,4.88
19-abr-22,7.65599,37.37,34.23,32.08,22.94,122.0,4.88
20-abr-22,7.65576,37.66,34.65,32.65,22.94,122.0,4.88
21-abr-22,7.65446,37.66,34.65,32.65,22.94,122.0,4.88
22-abr-22,7.65309,37.66,34.65,32.65,22.94,122.0,4.88
23-abr-22,7.65309,37.66,34.65,32.65,22.94,122.0,4.88
24-abr-22,7.65309,37.66,34.65,32.65,22.94,122.0,4.88
25-abr-22,7.6509,37.66,34.65,32.65,22.94,122.0,4.88
26-abr-22,7.65144,38.42,35.38,34.81,23.42,122.0,4.88
27-abr-22,7.65353,38.42,35.38,34.81,23.42,122.0,4.88
28-abr-22,7.65775,38.42,35.38,34.81,23.42,122.0,4.88
29-abr-22,7.66517,38.42,35.38,34.81,23.42,122.0,4.88
30-abr-22,7.66517,38.42,35.38,34.81,23.42,122.0,4.88
1-may-22,7.66517,38.42,35.38,34.81,23.42,122.0,4.88
2-may-22,7.66517,38.42,35.38,34.81,23.42,122.0,4.88
3-may-22,7.6614,38.42,35.38,34.81,23.42,122.0,4.88
4-may-22,7.66582,39.26,36.16,37.65,23.27,122.0,4.88
5-may-22,7.67075,39.26,36.16,37.65,23.27,122.0,4.88
6-may-22,7.66795,39.26,36.16,37.65,23.27,122.0,4.88
7-may-22,7.66795,39.26,36.16,37.65,23.27,122.0,4.88
8-may-22,7.66795,39.26,36.16,37.65,23.27,122.0,4.88
9-may-22,7.66706,39.26,36.16,37.65,23.27,122.0,4.88
10-may-22,7.66326,41.65,38.55,38.42,23.57,122.0,4.88
11-may-22,7.66764,41.65,38.55,38.42,23.57,122.0,4.88
12-may-22,7.66945,41.65,38.55,38.42,23.57,122.0,4.88
13-may-22,7.66915,41.65,38.55,38.42,23.57,122.0,4.88
14-may-22,7.66915,41.65,38.55,38.42,23.57,122.0,4.88
15-may-22,7.66915,41.65,38.55,38.42,23.57,122.0,4.88
16-may-22,7.66475,41.65,38.55,38.42,23.57,122.0,4.88
17-may-22,7.66612,43.24,40.13,35.32,23.27,122.0,4.88
18-may-22,7.66642,43.24,40.13,35.32,23.27,122.0,4.88
19-may-22,7.66703,43.24,40.13,35.32,23.27,122.0,4.88
20-may-22,7.66692,43.24,40.13,35.32,23.27,122.0,4.88
21-may-22,7.66692,43.24,40.13,35.32,23.27,122.0,4.88
22-may-22,7.66692,43.24,40.13,35.32,23.27,122.0,4.88
23-may-22,7.66903,43.24,40.13,35.32,23.27,122.0,4.88
24-may-22,7.66774,42.98,39.87,32.26,24.15,122.0,4.88
25-may-22,7.67577,42.98,39.87,32.26,24.15,122.0,4.88
26-may-22,7.67318,42.98,39.87,32.26,24.15,122.0,4.88
27-may-22,7.6819,42.98,39.87,32.26,24.15,122.0,4.88
28-may-22,7.6819,42.98,39.87,32.26,24.15,122.0,4.88
29-may-22,7.6819,42.98,39.87,32.26,24.15,122.0,4.88
30-may-22,7.67765,42.98,39.87,32.26,24.15,122.0,4.88
31-may-22,7.68434,39.14,37.92,30.5,24.52,122.0,4.88
1-jun-22,7.69552,39.14,37.92,30.5,24.52,122.0,4.88
2-jun-22,7.70758,39.14,37.92,30.5,24.52,122.0,4.88
3-jun-22,7.71242,39.14,37.92,30.5,24.52,122.0,4.88
4-jun-22,7.71242,39.14,37.92,30.5,24.52,122.0,4.88
5-jun-22,7.71242,39.14,37.92,30.5,24.52,122.0,4.88
6-jun-22,7.70466,39.14,37.92,30.5,24.52,122.0,4.88
7-jun-22,7.70703,39.71,38.71,32.87,24.52,122.0,4.88
8-jun-22,7.72074,39.71,38.71,32.87,24.52,122.0,4.88
9-jun-22,7.72609,39.71,38.71,32.87,24.52,122.0,4.88
10-jun-22,7.73206,39.71,38.71,32.87,24.52,122.0,4.88
11-jun-22,7.73206,39.71,38.71,32.87,24.52,122.0,4.88
12-jun-22,7.73206,39.71,38.71,32.87,24.52,122.0,4.88
13-jun-22,7.73104,39.71,38.71,32.87,24.52,122.0,4.88
14-jun-22,7.73281,41.51,40.5,35.44,24.37,122.0,4.88
15-jun-22,7.73886,41.51,40.5,35.44,24.37,122.0,4.88
16-jun-22,7.73889,41.51,40.5,35.44,24.37,122.0,4.88
17-jun-22,7.74046,41.51,40.5,35.44,24.37,122.0,4.88
18-jun-22,7.74046,41.51,40.5,35.44,24.37,122.0,4.88
19-jun-22,7.74046,41.51,40.5,35.44,24.37,122.0,4.88
20-jun-22,7.74102,41.51,40.5,35.44,24.37,122.0,4.88
21-jun-22,7.74969,40.63,39.62,36.89,23.77,122.0,4.88
22-jun-22,7.74745,40.63,39.62,36.89,23.77,122.0,4.88
23-jun-22,7.75104,40.63,39.62,36.89,23.77,122.0,4.88
24-jun-22,7.7589,40.63,39.62,36.89,23.77,122.0,4.88
25-jun-22,7.7589,40.63,39.62,36.89,23.77,122.0,4.88
26-jun-22,7.7589,40.63,39.62,36.89,23.77,122.0,4.88
27-jun-22,7.75404,40.63,39.62,36.89,23.77,122.0,4.88
28-jun-22,7.7598,39.43,38.43,36.4,23.52,122.0,4.88
29-jun-22,7.75819,39.43,38.43,36.4,23.52,122.0,4.88
30-jun-22,7.75608,39.43,38.43,36.4,23.52,122.0,4.88
1-jul-22,7.75608,39.43,38.43,36.4,23.52,122.0,4.88
2-jul-22,7.75608,39.43,38.43,36.4,23.52,122.0,4.88
3-jul-22,7.75608,39.43,38.43,36.4,23.52,122.0,4.88
4-jul-22,7.75608,39.43,38.43,36.4,23.52,122.0,4.88
5-jul-22,7.75281,39.17,38.17,33.88,23.09,122.0,4.88
6-jul-22,7.74979,39.17,38.17,33.88,23.09,122.0,4.88
7-jul-22,7.74659,39.17,38.17,33.88,23.09,122.0,4.88
8-jul-22,7.74712,39.17,38.17,33.88,23.09,122.0,4.88
9-jul-22,7.74712,39.17,38.17,33.88,23.09,122.0,4.88
10-jul-22,7.74712,39.17,38.17,33.88,23.09,122.0,4.88
11-jul-22,7.7437,39.17,38.17,33.88,23.09,122.0,4.88
12-jul-22,7.74028,36.56,35.58,31.3,21.74,122.0,4.88
13-jul-22,7.73859,36.56,35.58,31.3,21.74,122.0,4.88
14-jul-22,7.73526,36.56,35.58,31.3,21.74,122.0,4.88
15-jul-22,7.73556,36.56,35.58,31.3,21.74,122.0,4.88
16-jul-22,7.73556,36.56,35.58,31.3,21.74,122.0,4.88
17-jul-22,7.73556,36.56,35.58,31.3,21.74,122.0,4.88
18-jul-22,7.73159,36.56,35.58,31.3,21.74,122.0,4.88
19-jul-22,7.72793,33.66,32.75,31.01,20.15,122.0,4.88
20-jul-22,7.73174,33.66,32.75,31.01,20.15,122.0,4.88
21-jul-22,7.72924,33.66,32.75,31.01,20.15,122.0,4.88
22-jul-22,7.73052,33.66,32.75,31.01,20.15,122.0,4.88
23-jul-22,7.73052,33.66,32.75,31.01,20.15,122.0,4.88
24-jul-22,7.73052,33.66,32.75,31.01,20.15,122.0,4.88
25-jul-22,7.7278,33.66,32.75,31.01,20.15,122.0,4.88
26-jul-22,7.72833,32.69,31.76,29.9,21.2,122.0,4.88
27-jul-22,7.73171,32.69,31.76,29.9,21.2,122.0,4.88
28-jul-22,7.73485,32.69,31.76,29.9,21.2,122.0,4.88
29-jul-22,7.73654,32.69,31.76,29.9,21.2,122.0,4.88
30-jul-22,7.73654,32.69,31.76,29.9,21.2,122.0,4.88
31-jul-22,7.73654,32.69,31.76,29.9,21.2,122.0,4.88
1-ago-22,7.72946,32.69,31.76,29.9,21.2,122.0,4.88
2-ago-22,7.72848,32.37,31.47,29.37,22.05,122.0,4.88
3-ago-22,7.73292,32.37,31.47,29.37,22.05,122.0,4.88
4-ago-22,7.7333,32.37,31.47,29.37,22.05,122.0,4.88
5-ago-22,7.73337,32.37,31.47,29.37,22.05,122.0,4.88
6-ago-22,7.73337,32.37,31.47,29.37,22.05,122.0,4.88
7-ago-22,7.73337,32.37,31.47,29.37,22.05,122.0,4.88
8-ago-22,7.72989,32.37,31.47,29.37,22.05,122.0,4.88
9-ago-22,7.7258,35.64,34.75,33.98,21.35,122.0,4.88
10-ago-22,7.73248,35.64,34.75,33.98,21.35,122.0,4.88
11-ago-22,7.73132,35.64,34.75,33.98,21.35,122.0,4.88
12-ago-22,7.734,35.64,34.75,33.98,21.35,122.0,4.88
13-ago-22,7.734,35.64,34.75,33.98,21.35,122.0,4.88
14-ago-22,7.734,35.64,34.75,33.98,21.35,122.0,4.88
15-ago-22,7.734,35.64,34.75,33.98,21.35,122.0,4.88
16-ago-22,7.72649,36.32,35.39,35.1,21.13,122.0,4.88
17-ago-22,7.72851,36.32,35.39,35.1,21.13,122.0,4.88
18-ago-22,7.73095,36.32,35.39,35.1,21.13,122.0,4.88
19-ago-22,7.7278,36.32,35.39,35.1,21.13,122.0,4.88
20-ago-22,7.7278,36.32,35.39,35.1,21.13,122.0,4.88
21-ago-22,7.7278,36.32,35.39,35.1,21.13,122.0,4.88
22-ago-22,7.72716,36.32,35.39,35.1,21.13,122.0,4.88
23-ago-22,7.72815,35.65,34.72,35.8,19.88,122.0,4.88
24-ago-22,7.73053,35.65,34.72,35.8,19.88,122.0,4.88
25-ago-22,7.7338,35.65,34.72,35.8,19.88,122.0,4.88
26-ago-22,7.73368,35.65,34.72,35.8,19.88,122.0,4.88
27-ago-22,7.73368,35.65,34.72,35.8,19.88,122.0,4.88
28-ago-22,7.73368,35.65,34.72,35.8,19.88,122.0,4.88
29-ago-22,7.73147,35.65,34.72,35.8,19.88,122.0,4.88
30-ago-22,7.73099,35.55,34.62,35.19,20.06,122.0,4.88
31-ago-22,7.73819,35.55,34.62,35.19,20.06,122.0,4.88
1-sep-22,7.7408,35.55,34.62,35.19,20.06,142.0,5.68
2-sep-22,7.74268,35.55,34.62,35.19,20.06,142.0,5.68
3-sep-22,7.74268,35.55,34.62,35.19,20.06,142.0,5.68
4-sep-22,7.74268,35.55,34.62,35.19,20.06,142.0,5.68
5-sep-22,7.74108,34.49,33.58,32.24,19.45,142.0,5.68
6-sep-22,7.75755,34.49,33.58,32.24,19.45,142.0,5.68
7-sep-22,7.75842,34.49,33.58,32.24,19.45,142.0,5.68
8-sep-22,7.77893,34.49,33.58,32.24,19.45,142.0,5.68
9-sep-22,7.79688,34.49,33.58,32.24,19.45,142.0,5.68
10-sep-22,7.79688,34.49,33.58,32.24,19.45,142.0,5.68
11-sep-22,7.79688,34.49,33.58,32.24,19.45,142.0,5.68
12-sep-22,7.78774,34.16,33.24,31.41,19.45,142.0,5.68
13-sep-22,7.78898,34.16,33.24,31.41,19.45,142.0,5.68
14-sep-22,7.79585,34.16,33.24,31.41,19.45,142.0,5.68
15-sep-22,7.79585,34.16,33.24,31.41,19.45,142.0,5.68
16-sep-22,7.79626,34.16,33.24,31.41,19.45,142.0,5.68
17-sep-22,7.79626,34.16,33.24,31.41,19.45,142.0,5.68
18-sep-22,7.79626,34.16,33.24,31.41,19.45,142.0,5.68
19-sep-22,7.79986,34.12,33.22,30.0,17.57,142.0,5.68
20-sep-22,7.80091,34.12,33.22,30.0,17.57,142.0,5.68
21-sep-22,7.81384,34.12,33.22,30.0,17.57,142.0,5.68
22-sep-22,7.82975,34.12,33.22,30.0,17.57,142.0,5.68
23-sep-22,7.842,34.12,33.22,30.0,17.57,142.0,5.68
24-sep-22,7.842,34.12,33.22,30.0,17.57,142.0,5.68
25-sep-22,7.842,34.12,33.22,30.0,17.57,142.0,5.68
26-sep-22,7.84218,34.18,33.28,29.16,16.92,142.0,5.68
27-sep-22,7.84578,34.18,33.28,29.16,16.92,142.0,5.68
28-sep-22,7.85501,34.18,33.28,29.16,16.92,142.0,5.68
29-sep-22,7.86284,34.18,33.28,29.16,16.92,142.0,5.68
30-sep-22,7.88368,34.18,33.28,29.16,16.92,142.0,5.68
1-oct-22,7.88368,34.18,33.28,29.16,16.92,122.0,4.88
2-oct-22,7.88368,34.18,33.28,29.16,16.92,122.0,4.88
3-oct-22,7.89856,34.16,33.27,32.33,15.92,122.0,4.88
4-oct-22,7.90963,34.16,33.27,32.33,15.92,122.0,4.88
5-oct-22,7.91233,34.16,33.27,32.33,15.92,122.0,4.88
6-oct-22,7.9026,35.19,34.29,35.89,15.92,122.0,4.88
7-oct-22,7.89334,35.19,34.29,35.89,15.92,122.0,4.88
8-oct-22,7.89334,35.19,34.29,35.89,15.92,122.0,4.88
9-oct-22,7.89334,35.19,34.29,35.89,15.92,122.0,4.88
10-oct-22,7.87662,36.92,35.99,38.46,16.22,122.0,4.88
11-oct-22,7.8757,36.92,35.99,38.46,16.22,122.0,4.88
12-oct-22,7.8757,36.92,35.99,38.46,16.22,122.0,4.88
13-oct-22,7.86625,36.92,35.99,38.46,16.22,122.0,4.88
14-oct-22,7.86252,36.92,35.99,38.46,16.22,122.0,4.88
15-oct-22,7.86252,36.92,35.99,38.46,16.22,122.0,4.88
16-oct-22,7.86252,36.92,35.99,38.46,16.22,122.0,4.88
17-oct-22,7.85768,37.14,36.23,41.27,15.37,122.0,4.88
18-oct-22,7.85275,37.14,36.23,41.27,15.37,122.0,4.88
19-oct-22,7.85157,37.14,36.23,41.27,15.37,122.0,4.88
20-oct-22,7.85157,37.14,36.23,41.27,15.37,122.0,4.88
21-oct-22,7.84831,37.14,36.23,41.27,15.37,122.0,4.88
22-oct-22,7.84831,37.14,36.23,41.27,15.37,122.0,4.88
23-oct-22,7.84831,37.14,36.23,41.27,15.37,122.0,4.88
24-oct-22,7.84248,37.17,36.27,41.25,16.07,122.0,4.88
25-oct-22,7.84511,37.17,36.27,41.25,16.07,122.0,4.88
26-oct-22,7.84399,37.17,36.27,41.25,16.07,122.0,4.88
27-oct-22,7.83655,37.17,36.27,41.25,16.07,122.0,4.88
28-oct-22,7.83772,37.17,36.27,41.25,16.07,122.0,4.88
29-oct-22,7.83772,37.17,36.27,41.25,16.07,122.0,4.88
30-oct-22,7.83772,37.17,36.27,41.25,16.07,122.0,4.88
31-oct-22,7.82857,37.17,36.27,41.25,16.37,122.0,4.88
1-nov-22,7.82857,37.17,36.27,41.25,16.37,122.0,4.88
2-nov-22,7.82497,36.75,35.57,39.9,16.37,122.0,4.88
3-nov-22,7.82784,36.75,35.57,39.9,16.37,122.0,4.88
4-nov-22,7.82196,36.75,35.57,39.9,16.37,122.0,4.88
5-nov-22,7.82196,36.75,35.57,39.9,16.37,122.0,4.88
6-nov-22,7.82196,36.75,35.57,39.9,16.37,122.0,4.88
7-nov-22,7.81898,36.7,35.5,39.82,17.37,122.0,4.88
8-nov-22,7.81314,36.7,35.5,39.82,17.37,122.0,4.88
9-nov-22,7.81259,36.7,35.5,39.82,17.37,122.0,4.88
10-nov-22,7.8116,36.7,35.5,39.82,17.37,122.0,4.88
11-nov-22,7.80692,36.7,35.5,39.82,17.37,122.0,4.88
12-nov-22,7.80692,36.7,35.5,39.82,17.37,122.0,4.88
13-nov-22,7.80692,36.7,35.5,39.82,17.37,122.0,4.88
14-nov-22,7.80536,37.37,35.87,40.59,17.87,122.0,4.88
15-nov-22,7.79823,37.37,35.87,40.59,17.87,122.0,4.88
16-nov-22,7.79839,37.37,35.87,40.59,17.87,122.0,4.88
17-nov-22,7.79936,37.37,35.87,40.59,17.87,122.0,4.88
18-nov-22,7.79773,37.37,35.87,40.59,17.87,122.0,4.88
19-nov-22,7.79773,37.37,35.87,40.59,17.87,122.0,4.88
20-nov-22,7.79773,37.37,35.87,40.59,17.87,122.0,4.88
21-nov-22,7.79372,36.14,34.54,38.17,17.27,122.0,4.88
22-nov-22,7.80497,36.14,34.54,38.17,17.27,122.0,4.88
23-nov-22,7.81468,36.14,34.54,38.17,17.27,122.0,4.88
24-nov-22,7.8183,36.14,34.54,38.17,17.27,122.0,4.88
25-nov-22,7.82619,36.14,34.54,38.17,17.27,122.0,4.88
26-nov-22,7.82619,36.14,34.54,38.17,17.27,122.0,4.88
27-nov-22,7.82619,36.14,34.54,38.17,17.27,122.0,4.88
28-nov-22,7.81998,34.94,33.32,35.96,17.27,122.0,4.88
29-nov-22,7.82766,34.94,33.32,35.96,17.27,122.0,4.88
30-nov-22,7.84134,34.94,33.32,35.96,17.27,122.0,4.88
1-dic-22,7.84143,34.94,33.32,35.96,17.27,122.0,4.88
2-dic-22,7.85875,34.94,33.32,35.96,17.27,122.0,4.88
3-dic-22,7.85875,34.94,33.32,35.96,17.27,122.0,4.88
4-dic-22,7.85875,34.94,33.32,35.96,17.27,122.0,4.88
5-dic-22,7.87534,34.5,32.9,35.58,15.97,122.0,4.88
6-dic-22,7.90912,34.5,32.9,35.58,15.97,122.0,4.88
7-dic-22,7.93024,34.5,32.9,35.58,15.97,122.0,4.88
8-dic-22,7.90901,34.5,32.9,35.58,15.97,122.0,4.88
9-dic-22,7.89634,34.5,32.9,35.58,15.97,122.0,4.88
10-dic-22,7.89634,34.5,32.9,35.58,15.97,122.0,4.88
11-dic-22,7.89634,34.5,32.9,35.58,15.97,122.0,4.88
12-dic-22,7.88174,33.98,32.39,34.8,15.37,122.0,4.88
13-dic-22,7.87402,33.98,32.39,34.8,15.37,122.0,4.88
14-dic-22,7.87702,33.98,32.39,34.8,15.37,122.0,4.88
15-dic-22,7.86627,33.98,32.39,34.8,15.37,122.0,4.88
16-dic-22,7.86912,33.98,32.39,34.8,15.37,122.0,4.88
17-dic-22,7.86912,33.98,32.39,34.8,15.37,122.0,4.88
18-dic-22,7.86912,33.98,32.39,34.8,15.37,122.0,4.88
19-dic-22,7.85836,33.48,31.96,33.95,15.69,122.0,4.88
20-dic-22,7.85599,33.48,31.96,33.95,15.69,122.0,4.88
21-dic-22,7.85419,33.48,31.96,33.95,15.69,122.0,4.88
22-dic-22,7.85527,33.48,31.96,33.95,15.69,122.0,4.88
23-dic-22,7.84914,33.48,31.96,33.95,15.69,122.0,4.88
24-dic-22,7.84914,33.48,31.96,33.95,15.69,122.0,4.88
25-dic-22,7.84914,33.48,31.96,33.95,15.69,122.0,4.88
26-dic-22,7.84914,33.48,31.96,33.95,15.69,122.0,4.88
27-dic-22,7.84739,32.55,30.99,33.75,15.99,122.0,4.88
28-dic-22,7.85028,32.55,30.99,33.75,15.99,122.0,4.88
29-dic-22,7.85222,32.55,30.99,33.75,15.99,122.0,4.88
30-dic-22,7.85222,32.55,30.99,33.75,15.99,122.0,4.88
31-dic-22,7.85222,32.55,30.99,33.75,15.99,122.0,4.88
1-ene-23,7.85222,32.55,30.99,33.75,15.99,122.0,4.88
2-ene-23,7.85222,32.55,30.99,33.75,15.99,122.0,4.88
3-ene-23,7.84773,32.56,31.42,35.31,16.39,122.0,4.88
4-ene-23,7.84906,32.56,31.42,35.31,16.39,122.0,4.88
5-ene-23,7.85221,32.56,31.42,35.31,16.39,122.0,4.88
6-ene-23,7.84856,32.56,31.42,35.31,16.39,122.0,4.88
7-ene-23,7.84856,32.56,31.42,35.31,16.39,122.0,4.88
8-ene-23,7.84856,32.56,31.42,35.31,16.39,122.0,4.88
9-ene-23,7.84628,33.0,31.6,35.98,16.39,122.0,4.88
10-ene-23,7.84395,33.0,31.6,35.98,16.39,122.0,4.88
11-ene-23,7.8488,33.0,31.6,35.98,16.39,122.0,4.88
12-ene-23,7.85,33.0,31.6,35.98,16.39,122.0,4.88
13-ene-23,7.84942,33.0,31.6,35.98,16.39,122.0,4.88
14-ene-23,7.84942,33.0,31.6,35.98,16.39,122.0,4.88
15-ene-23,7.84942,33.0,31.6,35.98,16.39,122.0,4.88
16-ene-23,7.84319,33.96,32.58,35.96,15.99,122.0,4.88
17-ene-23,7.84762,33.96,32.58,35.96,15.99,122.0,4.88
18-ene-23,7.84834,33.96,32.58,35.96,15.99,122.0,4.88
19-ene-23,7.85007,33.96,32.58,35.96,15.99,122.0,4.88
20-ene-23,7.85078,33.96,32.58,35.96,15.99,122.0,4.88
21-ene-23,7.85078,33.96,32.58,35.96,15.99,122.0,4.88
22-ene-23,7.85078,33.96,32.58,35.96,15.99,122.0,4.88
23-ene-23,7.84295,35.02,33.63,35.54,16.39,122.0,4.88
24-ene-23,7.84379,35.02,33.63,35.54,16.39,122.0,4.88
25-ene-23,7.84883,35.02,33.63,35.54,16.39,122.0,4.88
26-ene-23,7.85069,35.02,33.63,35.54,16.39,122.0,4.88
27-ene-23,7.85212,35.02,33.63,35.54,16.39,122.0,4.88
28-ene-23,7.85212,35.02,33.63,35.54,16.39,122.0,4.88
29-ene-23,7.85212,35.02,33.63,35.54,16.39,122.0,4.88
30-ene-23,7.84886,35.66,34.26,36.18,16.23,122.0,4.88
31-ene-23,7.84855,35.66,34.26,36.18,16.23,122.0,4.88
1-feb-23,7.84957,35.66,34.26,36.18,16.23,135.0,5.4
2-feb-23,7.84667,35.66,34.26,36.18,16.23,135.0,5.4
3-feb-23,7.84714,35.66,34.26,36.18,16.23,135.0,5.4
4-feb-23,7.84714,35.66,34.26,36.18,16.23,135.0,5.4
5-feb-23,7.84714,35.66,34.26,36.18,16.23,135.0,5.4
6-feb-23,7.84306,34.94,33.49,35.29,15.63,135.0,5.4
7-feb-23,7.84298,34.94,33.49,35.29,15.63,135.0,5.4
8-feb-23,7.84282,34.94,33.49,35.29,15.63,135.0,5.4
9-feb-23,7.84208,34.94,33.49,35.29,15.63,135.0,5.4
10-feb-23,7.83792,34.94,33.49,35.29,15.63,135.0,5.4
11-feb-23,7.83792,34.94,33.49,35.29,15.63,135.0,5.4
12-feb-23,7.83792,34.94,33.49,35.29,15.63,135.0,5.4
13-feb-23,7.83567,34.23,32.74,33.54,16.39,135.0,5.4
14-feb-23,7.83256,34.23,32.74,33.54,16.39,135.0,5.4
15-feb-23,7.8313,34.23,32.74,33.54,16.39,135.0,5.4
16-feb-23,7.82864,34.23,32.74,33.54,16.39,135.0,5.4
17-feb-23,7.82638,34.23,32.74,33.54,16.39,135.0,5.4
18-feb-23,7.82638,34.23,32.74,33.54,16.39,135.0,5.4
19-feb-23,7.82638,34.23,32.74,33.54,16.39,135.0,5.4
20-feb-23,7.81821,33.74,32.24,32.14,15.93,135.0,5.4
21-feb-23,7.82129,33.74,32.24,32.14,15.93,135.0,5.4
22-feb-23,7.81596,33.74,32.24,32.14,15.93,135.0,5.4
23-feb-23,7.81696,33.74,32.24,32.14,15.93,135.0,5.4
24-feb-23,7.8179,33.74,32.24,32.14,15.93,135.0,5.4
25-feb-23,7.8179,33.74,32.24,32.14,15.93,135.0,5.4
26-feb-23,7.8179,33.74,32.24,32.14,15.93,135.0,5.4
27-feb-23,7.81549,33.33,31.84,31.11,15.58,135.0,5.4
28-feb-23,7.81493,33.33,31.84,31.11,15.58,135.0,5.4
1-mar-23,7.81525,33.33,31.84,31.11,15.58,135.0,5.4
2-mar-23,7.81859,33.33,31.84,31.11,15.58,135.0,5.4
3-mar-23,7.81359,33.33,31.84,31.11,15.58,135.0,5.4
4-mar-23,7.81359,33.33,31.84,31.11,15.58,135.0,5.4
5-mar-23,7.81359,33.33,31.84,31.11,15.58,135.0,5.4
6-mar-23,7.81199,33.3,31.8,31.0,16.58,135.0,5.4
7-mar-23,7.80397,33.3,31.8,31.0,16.58,135.0,5.4
8-mar-23,7.80973,33.3,31.8,31.0,16.58,135.0,5.4
9-mar-23,7.80754,33.3,31.8,31.0,16.58,135.0,5.4
10-mar-23,7.80715,33.3,31.8,31.0,16.58,135.0,5.4
11-mar-23,7.80715,33.3,31.8,31.0,16.58,135.0,5.4
12-mar-23,7.80715,33.3,31.8,31.0,16.58,135.0,5.4
13-mar-23,7.79947,33.77,32.18,31.01,16.82,135.0,5.4
14-mar-23,7.79731,33.77,32.18,31.01,16.82,135.0,5.4
15-mar-23,7.79834,33.77,32.18,31.01,16.82,135.0,5.4
16-mar-23,7.80412,33.77,32.18,31.01,16.82,115.0,4.6
17-mar-23,7.80243,33.77,32.18,31.01,16.82,115.0,4.6
18-mar-23,7.80243,33.77,32.18,31.01,16.82,115.0,4.6
19-mar-23,7.80243,33.77,32.18,31.01,16.82,115.0,4.6
20-mar-23,7.79631,33.04,31.45,30.63,15.82,115.0,4.6
21-mar-23,7.79352,33.04,31.45,30.63,15.82,115.0,4.6
22-mar-23,7.80256,33.04,31.45,30.63,15.82,115.0,4.6
23-mar-23,7.80387,33.04,31.45,30.63,15.82,115.0,4.6
24-mar-23,7.80518,33.04,31.45,30.63,15.82,115.0,4.6
25-mar-23,7.80518,33.04,31.45,30.63,15.82,115.0,4.6
26-mar-23,7.80518,33.04,31.45,30.63,15.82,115.0,4.6
27-mar-23,7.79869,33.49,31.88,30.01,16.12,115.0,4.6
28-mar-23,7.79912,33.49,31.88,30.01,16.12,115.0,4.6
29-mar-23,7.80317,33.49,31.88,30.01,16.12,115.0,4.6
30-mar-23,7.80234,33.49,31.88,30.01,16.12,115.0,4.6
31-mar-23,7.80335,33.49,31.88,30.01,16.12,115.0,4.6
1-abr-23,7.80335,33.49,31.88,30.01,16.12,115.0,4.6
2-abr-23,7.80335,33.49,31.88,30.01,16.12,115.0,4.6
3-abr-23,7.79691,34.46,32.86,30.02,17.62,115.0,4.6
4-abr-23,7.79431,34.46,32.86,30.02,17.62,115.0,4.6
5-abr-23,7.79329,34.46,32.86,30.02,17.62,115.0,4.6
6-abr-23,7.79329,34.46,32.86,30.02,17.62,115.0,4.6
7-abr-23,7.79329,34.46,32.86,30.02,17.62,115.0,4.6
8-abr-23,7.79329,34.46,32.86,30.02,17.62,115.0,4.6
9-abr-23,7.79329,34.46,32.86,30.02,17.62,115.0,4.6
10-abr-23,7.79921,34.99,33.4,30.0,18.82,115.0,4.6
11-abr-23,7.79501,34.99,33.4,30.0,18.82,115.0,4.6
12-abr-23,7.79866,34.99,33.4,30.0,18.82,115.0,4.6
13-abr-23,7.79625,34.99,33.4,30.0,18.82,115.0,4.6
14-abr-23,7.80261,34.99,33.4,30.0,18.82,115.0,4.6
15-abr-23,7.80261,34.99,33.4,30.0,18.82,115.0,4.6
16-abr-23,7.80261,34.99,33.4,30.0,18.82,115.0,4.6
17-abr-23,7.8006,35.98,34.36,29.78,19.12,115.0,4.6
18-abr-23,7.7967,35.98,34.36,29.78,19.12,115.0,4.6
19-abr-23,7.79898,35.98,34.36,29.78,19.12,115.0,4.6
20-abr-23,7.79925,35.98,34.36,29.78,19.12,115.0,4.6
21-abr-23,7.79964,35.98,34.36,29.78,19.12,115.0,4.6
22-abr-23,7.79964,35.98,34.36,29.78,19.12,115.0,4.6
23-abr-23,7.79964,35.98,34.36,29.78,19.12,115.0,4.6
24-abr-23,7.79702,35.91,34.31,29.32,18.67,115.0,4.6
25-abr-23,7.79572,35.91,34.31,29.32,18.67,115.0,4.6
26-abr-23,7.80198,35.91,34.31,29.32,18.67,115.0,4.6
27-abr-23,7.80424,35.91,34.31,29.32,18.67,115.0,4.6
28-abr-23,7.80826,35.91,34.31,29.32,18.67,115.0,4.6
29-abr-23,7.80826,35.91,34.31,29.32,18.67,115.0,4.6
30-abr-23,7.80826,35.91,34.31,29.32,18.67,115.0,4.6
1-may-23,7.80826,35.91,34.31,29.32,18.67,115.0,4.6
2-may-23,7.80055,35.08,33.46,28.43,17.67,115.0,4.6
3-may-23,7.80673,35.08,33.46,28.43,17.67,115.0,4.6
4-may-23,7.80938,35.08,33.46,28.43,17.67,115.0,4.6
5-may-23,7.80739,35.08,33.46,28.43,17.67,115.0,4.6
6-may-23,7.80739,35.08,33.46,28.43,17.67,115.0,4.6
7-may-23,7.80739,35.08,33.46,28.43,17.67,115.0,4.6
8-may-23,7.8028,34.31,32.8,27.68,16.47,115.0,4.6
9-may-23,7.80568,34.31,32.8,27.68,16.47,115.0,4.6
10-may-23,7.80601,34.31,32.8,27.68,16.47,115.0,4.6
11-may-23,7.80379,34.31,32.8,27.68,16.47,115.0,4.6
12-may-23,7.80649,34.31,32.8,27.68,16.47,115.0,4.6
13-may-23,7.80649,34.31,32.8,27.68,16.47,115.0,4.6
14-may-23,7.80649,34.31,32.8,27.68,16.47,115.0,4.6
15-may-23,7.80223,33.49,31.98,27.02,16.97,115.0,4.6
16-may-23,7.80323,33.49,31.98,27.02,16.97,115.0,4.6
17-may-23,7.80156,33.49,31.98,27.02,16.97,115.0,4.6
18-may-23,7.80495,33.49,31.98,27.02,16.97,115.0,4.6
19-may-23,7.80399,33.49,31.98,27.02,16.97,115.0,4.6
20-may-23,7.80399,33.49,31.98,27.02,16.97,115.0,4.6
21-may-23,7.80399,33.49,31.98,27.02,16.97,115.0,4.6
22-may-23,7.80453,33.35,31.97,27.01,17.17,115.0,4.6
23-may-23,7.80354,33.35,31.97,27.01,17.17,115.0,4.6
24-may-23,7.80974,33.35,31.97,27.01,17.17,115.0,4.6
25-may-23,7.81685,33.35,31.97,27.01,17.17,115.0,4.6
26-may-23,7.82145,33.35,31.97,27.01,17.17,115.0,4.6
27-may-23,7.82145,33.35,31.97,27.01,17.17,115.0,4.6
28-may-23,7.82145,33.35,31.97,27.01,17.17,115.0,4.6
29-may-23,7.82029,33.3,31.99,27.0,16.67,115.0,4.6
30-may-23,7.82886,33.3,31.99,27.0,16.67,115.0,4.6
31-may-23,7.83014,33.3,31.99,27.0,16.67,115.0,4.6
1-jun-23,7.8366,33.3,31.99,27.0,16.67,115.0,4.6
2-jun-23,7.83809,33.3,31.99,27.0,16.67,115.0,4.6
3-jun-23,7.83809,33.3,31.99,27.0,16.67,115.0,4.6
4-jun-23,7.83809,33.3,31.99,27.0,16.67,115.0,4.6
5-jun-23,7.82959,33.3,31.97,26.56,16.67,115.0,4.6
6-jun-23,7.82919,33.3,31.97,26.56,16.67,115.0,4.6
7-jun-23,7.83743,33.3,31.97,26.56,16.67,115.0,4.6
8-jun-23,7.83755,33.3,31.97,26.56,16.67,115.0,4.6
9-jun-23,7.83852,33.3,31.97,26.56,16.67,115.0,4.6
10-jun-23,7.83852,33.3,31.97,26.56,16.67,115.0,4.6
11-jun-23,7.83852,33.3,31.97,26.56,16.67,115.0,4.6
12-jun-23,7.83317,33.1,31.78,26.3,17.52,115.0,4.6
13-jun-23,7.83321,33.1,31.78,26.3,17.52,115.0,4.6
14-jun-23,7.83379,33.1,31.78,26.3,17.52,115.0,4.6
15-jun-23,7.83909,33.1,31.78,26.3,17.52,115.0,4.6
16-jun-23,7.83924,33.1,31.78,26.3,17.52,135.0,5.4
17-jun-23,7.83924,33.1,31.78,26.3,17.52,135.0,5.4
18-jun-23,7.83924,33.1,31.78,26.3,17.52,135.0,5.4
19-jun-23,7.83373,33.08,31.79,26.25,18.82,135.0,5.4
20-jun-23,7.84215,33.08,31.79,26.25,18.82,135.0,5.4
21-jun-23,7.8377,33.08,31.79,26.25,18.82,135.0,5.4
22-jun-23,7.83963,33.08,31.79,26.25,18.82,135.0,5.4
23-jun-23,7.84308,33.08,31.79,26.25,18.82,135.0,5.4
24-jun-23,7.84308,33.08,31.79,26.25,18.82,135.0,5.4
25-jun-23,7.84308,33.08,31.79,26.25,18.82,135.0,5.4
26-jun-23,7.83445,33.08,31.79,26.25,18.82,135.0,5.4
27-jun-23,7.84069,34.16,32.66,27.0,18.82,135.0,5.4
28-jun-23,7.84326,34.16,32.66,27.0,18.82,135.0,5.4
29-jun-23,7.84576,34.16,32.66,27.0,18.82,135.0,5.4
30-jun-23,7.84576,34.16,32.66,27.0,18.82,135.0,5.4
1-jul-23,7.84576,34.16,32.66,27.0,18.82,135.0,5.4
2-jul-23,7.84576,34.16,32.66,27.0,18.82,135.0,5.4
3-jul-23,7.84576,34.16,32.66,27.0,18.82,135.0,5.4
4-jul-23,7.84107,33.52,32.01,26.97,19.7,135.0,5.4
5-jul-23,7.84545,33.52,32.01,26.97,19.7,135.0,5.4
6-jul-23,7.84564,33.52,32.01,26.97,19.7,135.0,5.4
7-jul-23,7.84717,33.52,32.01,26.97,19.7,135.0,5.4
8-jul-23,7.84717,33.52,32.01,26.97,19.7,135.0,5.4
9-jul-23,7.84717,33.52,32.01,26.97,19.7,135.0,5.4
10-jul-23,7.84097,33.51,32.01,26.96,19.45,135.0,5.4
11-jul-23,7.84161,33.51,32.01,26.96,19.45,135.0,5.4
12-jul-23,7.8457,33.51,32.01,26.96,19.45,135.0,5.4
13-jul-23,7.84314,33.51,32.01,26.96,19.45,135.0,5.4
14-jul-23,7.84812,33.51,32.01,26.96,19.45,135.0,5.4
15-jul-23,7.84812,33.51,32.01,26.96,19.45,135.0,5.4
16-jul-23,7.84812,33.51,32.01,26.96,19.45,135.0,5.4
17-jul-23,7.84281,33.78,32.28,27.47,19.2,135.0,5.4
18-jul-23,7.84349,33.78,32.28,27.47,19.2,135.0,5.4
19-jul-23,7.84612,33.78,32.28,27.47,19.2,135.0,5.4
20-jul-23,7.84814,33.78,32.28,27.47,19.2,135.0,5.4
21-jul-23,7.84913,33.78,32.28,27.47,19.2,135.0,5.4
22-jul-23,7.84913,33.78,32.28,27.47,19.2,135.0,5.4
23-jul-23,7.84913,33.78,32.28,27.47,19.2,135.0,5.4
24-jul-23,7.84918,34.78,33.28,28.47,19.44,135.0,5.4
25-jul-23,7.84857,34.78,33.28,28.47,19.44,135.0,5.4
26-jul-23,7.85244,34.78,33.28,28.47,19.44,135.0,5.4
27-jul-23,7.86393,34.78,33.28,28.47,19.44,135.0,5.4
28-jul-23,7.86955,34.78,33.28,28.47,19.44,135.0,5.4
29-jul-23,7.86955,34.78,33.28,28.47,19.44,135.0,5.4
30-jul-23,7.86955,34.78,33.28,28.47,19.44,135.0,5.4
31-jul-23,7.86893,36.29,34.77,29.68,20.54,135.0,5.4
1-ago-23,7.86466,36.29,34.77,29.68,20.54,135.0,5.4
2-ago-23,7.86984,36.29,34.77,29.68,20.54,135.0,5.4
3-ago-23,,36.29,34.77,29.68,20.54,135.0,5.4
4-ago-23,,36.29,34.77,29.68,20.54,135.0,5.4
5-ago-23,,36.29,34.77,29.68,20.54,135.0,5.4
6-ago-23,,36.29,34.77,29.68,20.54,135.0,5.4
